,/intelcpu/0/load/1,/intelcpu/0/load/2,/intelcpu/0/load/3,/intelcpu/0/load/4,/intelcpu/0/load/0,/intelcpu/0/temperature/0,/intelcpu/0/temperature/1,/intelcpu/0/temperature/2,/intelcpu/0/temperature/3,/intelcpu/0/temperature/4,/intelcpu/0/clock/1,/intelcpu/0/clock/2,/intelcpu/0/clock/3,/intelcpu/0/clock/4,/intelcpu/0/power/0,/intelcpu/0/power/1,/intelcpu/0/power/2,/intelcpu/0/power/3,/intelcpu/0/clock/0,/ram/load/0,/ram/data/0,/ram/data/1,/nvidiagpu/0/temperature/0,/nvidiagpu/0/fan/0,/nvidiagpu/0/clock/0,/nvidiagpu/0/clock/1,/nvidiagpu/0/clock/2,/nvidiagpu/0/load/0,/nvidiagpu/0/load/1,/nvidiagpu/0/load/2,/nvidiagpu/0/control/0,/nvidiagpu/0/load/3,/win32/load/0,/win32/load/1,/win32/data2/0,/win32/data2/1,/win32/iops/0,/win32/iops/1,/win32/iops/2,/DirectX/comment/0,/DirectX/comment/1,/DirectX/fps/0
Time,"CPU Core #1","CPU Core #2","CPU Core #3","CPU Core #4","CPU Total","CPU Core #1","CPU Core #2","CPU Core #3","CPU Core #4","CPU Package","CPU Core #1","CPU Core #2","CPU Core #3","CPU Core #4","CPU Package","CPU Cores","CPU Graphics","CPU DRAM","Bus Speed","Memory","Used Memory","Available Memory","GPU Core","GPU","GPU Core","GPU Memory","GPU Shader","GPU Core","GPU Memory Controller","GPU Video Engine","GPU Fan","GPU Memory","CPU Usage(Process)","CPU Usage(Global)","Working Set","Page file Usage","Read Ops","Write Ops","Other Ops","Process Id","DirectX Version","FPS(Present)"
03/17/2015 15:37:17,18.75,7.8125,6.25,14.0625,11.71875,43,42,46,53,53,4399.99951,4399.99951,4399.99951,4399.99951,40.54791,30.5831833,0,6.40837336,99.9999847,41.9815,13.4019279,18.5214882,40,1571,1177.031,3505.50024,2354.062,5,6,0,41,31.7840576,11.7845116,13.1313133,723,926,79,68,1,13608,9,31.0378265
03/17/2015 15:37:18,23.4375,4.6875,4.5928,15.625,12.0857,50,48,47,47,52,4399.996,4399.996,4399.996,4399.996,41.2778969,31.220438,0,6.422857,99.99991,41.9673843,13.3974228,18.5259933,40,1568,950.0095,3505.50024,1900.019,5,6,0,41,31.7840576,10.15625,12.109375,720,926,63,60,0,13608,9,30.0678959
03/17/2015 15:37:19,15.625,12.5,7.8125,14.0625,12.5,45,42,45,46,46,4399.996,4399.996,4399.996,4399.996,42.8128624,32.625473,0,6.544781,99.99991,41.9517174,13.3924217,18.5309944,40,1567,950.0095,3505.50024,1900.019,5,6,0,41,31.7840576,8.203125,12.5,716,926,61,60,0,13608,9,30.0678959
03/17/2015 15:37:20,17.1875,9.375,10.9375,21.875,14.84375,53,47,45,44,53,4399.99756,4399.99756,4399.99756,4399.99756,42.73783,32.7424049,0,6.438139,99.99995,41.945076,13.3903008,18.5331154,40,1570,950.0095,3505.50024,1900.019,5,7,0,41,31.7806244,10.15625,14.84375,713,927,63,60,0,13608,9,30.03876
03/17/2015 15:37:21,25,12.5,9.375,26.5625,18.359375,55,46,51,49,55,4400.003,4400.003,4400.003,4400.003,46.4259567,36.1782341,0,6.496706,100.000069,41.9440346,13.3899689,18.5334473,40,1572,950.0095,3505.50024,1900.019,5,6,0,41,31.7727089,12.5,18.560606,714,928,74,62,0,13608,9,30.0678959
03/17/2015 15:37:21,17.1875,4.6875,12.5,17.1875,12.890625,44,45,48,52,54,4400.003,4400.003,4400.003,4400.003,42.8430977,32.7335663,0,6.43628359,100.000069,41.93518,13.3871422,18.536274,40,1571,950.0095,3505.50024,1900.019,5,6,0,41,31.7727089,11.3970585,13.2352943,711,928,68,64,0,13608,9,30.0678959
03/17/2015 15:37:22,10.9375,18.75,17.1875,21.875,17.1875,48,44,53,46,53,4400.003,4400.003,4400.003,4400.003,46.889843,36.9654274,0,6.61918354,100.000069,41.96073,13.395298,18.5281181,40,1571,950.0095,3505.50024,1900.019,5,6,0,41,31.7727089,12.109375,17.1875,719,936,63,60,0,13608,9,30.0678959
03/17/2015 15:37:23,20.3125,10.9375,3.17540169,25,14.85635,42,47,46,47,47,4399.997,4399.997,4399.997,4399.997,41.212,31.2932,0,6.371228,99.99993,41.95983,13.3950119,18.5284042,40,1570,950.0095,3505.50024,1900.019,5,7,0,41,31.7727089,12.109375,14.84375,719,936,72,62,0,13608,9,29.6084042
03/17/2015 15:37:24,18.75,9.375,17.1875,10.9375,14.0625,44,44,47,46,49,4400.001,4400.001,4400.001,4400.001,41.8337631,31.7105637,0,6.40243769,100.000023,41.9532738,13.3929176,18.5304985,40,1571,950.0095,3505.50024,1900.019,5,7,0,41,31.7720413,12.890625,14.0625,718,936,73,62,0,13608,9,30.0678959
03/17/2015 15:37:24,23.4375,4.6875,10.9375,14.0625,13.28125,56,51,53,46,56,4399.994,4399.994,4399.994,4399.994,41.6459045,31.7884083,0,6.455189,99.99987,41.9469261,13.390892,18.5325241,40,1570,950.0095,3505.50024,1900.019,5,6,0,41,31.7720413,9.765625,13.28125,716,936,60,60,0,13608,9,30.0678959
03/17/2015 15:37:25,18.75,7.8125,10.9375,17.1875,13.671875,48,44,45,52,53,4399.994,4399.994,4399.994,4399.994,40.6317,30.5750828,0,6.411512,99.99987,41.9455643,13.3904572,18.532959,40,1569,950.0095,3505.50024,1900.019,5,6,0,41,31.7720413,11.7857141,14.6428576,716,936,75,66,0,13608,9,30.0678959
03/17/2015 15:37:25,21.875,12.5,7.8125,7.8125,12.5,45,54,47,49,49,4399.994,4399.994,4399.994,4399.994,39.37348,29.1633968,0,6.35613251,99.99987,41.93814,13.3880882,18.5353279,40,1570,950.0095,3505.50024,1900.019,4,6,0,41,31.7720413,10.227273,12.5,715,937,65,60,0,13608,9,30.0678959
03/17/2015 15:37:26,22.9640121,10.6534119,6.1553,13.6363621,13.3522692,55,47,46,44,55,4399.993,4399.993,4399.993,4399.993,42.5791626,32.60622,0,6.40241575,99.99985,41.9336281,13.3866463,18.53677,40,1567,950.0095,3505.50024,1900.019,5,6,0,41,31.7720413,10.984848,13.257576,714,937,72,64,0,13608,9,29.52756
03/17/2015 15:37:27,23.4375,9.375,10.9375,20.3125,16.015625,45,48,46,50,50,4399.993,4399.993,4399.993,4399.993,42.82354,32.6477165,0,6.35426,99.99985,41.9287643,13.3850937,18.5383224,40,1568,950.0095,3505.50024,1900.019,5,6,0,41,31.7720413,13.671875,16.015625,713,937,75,60,0,13608,9,30.0678959
03/17/2015 15:37:28,21.2121239,6.060606,9.00178,22.7272758,14.7504444,55,44,44,44,55,4399.99951,4399.99951,4399.99951,4399.99951,40.57306,30.5621777,0,6.3432045,99.99999,41.9279633,13.3848381,18.538578,40,1569,950.0095,3505.50024,1900.019,5,6,0,41,31.7720413,11.8081179,15.1291513,712,937,71,64,0,13608,9,30.03876
03/17/2015 15:37:29,18.75,9.375,4.6875,14.0625,11.71875,47,47,51,52,54,4399.99951,4399.99951,4399.99951,4399.99951,39.70098,29.8573322,0,6.25436163,99.99999,41.922718,13.3831635,18.5402527,40,1568,950.0095,3505.50024,1900.019,5,6,0,41,31.7720413,10.7142859,12.5,711,937,72,64,0,13608,9,30.0678959
03/17/2015 15:37:30,17.1875,10.9375,3.125,9.2803,10.132575,53,46,44,45,53,4399.99463,4399.99463,4399.99463,4399.99463,36.99235,27.0510483,0,6.240143,99.99988,41.9232559,13.3833351,18.540081,40,1571,950.0095,3505.50024,1900.019,5,6,0,41,31.7720413,7.9545455,9.848485,711,937,69,64,0,13608,9,30.0678959
03/17/2015 15:37:31,17.1875,9.375,4.6875,15.625,11.71875,46,45,50,48,48,4399.99854,4399.99854,4399.99854,4399.99854,38.41345,28.44584,0,6.295511,99.99996,41.9406776,13.3888969,18.53452,40,1570,950.0095,3505.50024,1900.019,5,6,0,41,31.7720413,10.15625,11.71875,717,945,66,60,0,13608,9,30.0678959
03/17/2015 15:37:32,28.7878761,3.03030014,6.060606,12.121212,12.4999943,57,48,56,48,56,4399.998,4399.998,4399.998,4399.998,38.89184,28.9843864,0,6.2616086,99.9999542,41.93879,13.3882942,18.5351219,40,1567,950.0095,3505.50024,1900.019,5,6,0,41,31.7720413,10.984848,12.5,716,945,73,64,0,13608,9,29.6084042
03/17/2015 15:37:33,25.80645,4.838711,4.838711,12.9032249,12.0967751,53,47,45,48,48,4399.998,4399.998,4399.998,4399.998,38.1163254,28.049551,0,6.3303957,99.9999542,41.93634,13.3875122,18.5359039,40,1567,950.0095,3505.50024,1900.019,5,6,0,41,31.7720413,10.15625,12.109375,716,945,64,62,0,13608,9,29.6084042
03/17/2015 15:37:33,10.9375,12.5,10.9375,20.3125,13.671875,52,53,57,51,53,4399.99756,4399.99756,4399.99756,4399.99756,42.1317825,31.8835163,0,6.40035,99.99995,41.93401,13.3867683,18.5366478,40,1568,950.0095,3505.50024,1900.019,5,6,0,41,31.7720413,11.3970585,13.6029415,716,945,70,60,0,13608,9,30.0678959
03/17/2015 15:37:34,24.242424,7.575756,9.090906,19.6969681,15.1515121,54,46,45,45,54,4399.995,4399.995,4399.995,4399.995,44.4635429,34.4057579,0,6.53913164,99.9998856,41.93622,13.3874741,18.5359421,40,1569,950.0095,3505.50024,1900.019,5,6,0,41,31.7720413,12.5,15.151515,716,945,66,64,0,13608,9,30.03876
03/17/2015 15:37:35,11.2903233,17.7419357,6.45161867,24.19355,14.9193525,45,47,44,51,51,4399.995,4399.995,4399.995,4399.995,43.92554,33.90184,0,6.482896,99.9998856,41.93536,13.3871994,18.5362167,40,1567,950.0095,3505.50024,1900.019,5,6,0,41,31.7720413,12.21374,14.8854961,716,945,73,62,0,13608,9,30.03876
03/17/2015 15:37:36,25,15.625,1.5625,15.625,14.453125,47,52,49,44,54,4399.995,4399.995,4399.995,4399.995,44.4771271,34.5005722,0,6.4870553,99.9998856,41.93505,13.3871,18.5363159,40,1567,950.0095,3505.50024,1900.019,5,6,0,41,31.7720413,13.333333,14.583333,716,944,68,58,0,13608,9,30.0678959
03/17/2015 15:37:36,28.125,12.5,1.5625,9.375,12.890625,49,55,47,46,56,4399.99463,4399.99463,4399.99463,4399.99463,43.8042259,33.78408,0,6.527896,99.99988,41.9362068,13.38747,18.5359459,40,1569,950.0095,3505.50024,1900.019,5,6,0,41,31.7720413,11.0714283,12.8571424,716,944,70,64,0,13608,9,30.0678959
03/17/2015 15:37:37,17.7419357,9.677422,1.61290169,17.7419357,11.6935492,46,45,47,53,54,4399.99951,4399.99951,4399.99951,4399.99951,42.8431053,32.48514,0,6.52503872,99.99999,41.9360046,13.3874054,18.53601,40,1569,950.0095,3505.50024,1900.019,5,6,0,41,31.7720413,11.7647057,12.5,716,944,67,64,0,13608,9,30.0678959
03/17/2015 15:37:38,18.75,10.9375,4.6875,20.3125,13.671875,50,54,47,45,54,4399.995,4399.995,4399.995,4399.995,43.8628922,33.887413,0,6.498423,99.9998856,41.93523,13.3871574,18.5362587,40,1568,950.0095,3505.50024,1900.019,5,6,0,41,31.7720413,12.1323528,13.6029415,716,944,69,64,0,13608,9,30.03876
03/17/2015 15:37:39,17.1875,20.3125,7.8125,20.3125,16.40625,45,45,46,52,52,4399.995,4399.995,4399.995,4399.995,44.59914,34.6783447,0,6.483312,99.9998856,41.95848,13.3945808,18.5288353,40,1570,950.0095,3505.50024,1900.019,5,6,0,41,31.7720413,14.772727,16.666666,723,951,67,60,0,13608,9,29.6084042
03/17/2015 15:37:40,23.4375,9.375,4.6875,18.75,14.0625,48,45,47,52,52,4399.99756,4399.99756,4399.99756,4399.99756,43.25156,32.9924431,0,6.51111269,99.99995,41.9588165,13.3946877,18.5287285,40,1572,950.0095,3505.50024,1900.019,5,6,0,41,31.7720413,12.1323528,13.9705887,723,950,72,64,0,13608,9,30.0678959
03/17/2015 15:37:41,14.0625,12.5,7.8125,21.875,14.0625,45,56,46,49,55,4399.99756,4399.99756,4399.99756,4399.99756,42.26947,32.3212128,0,6.457231,99.99995,41.9616,13.3955765,18.52784,40,1572,950.0095,3505.50024,1900.019,5,6,0,41,31.7720413,12.5,15.151515,723,950,68,62,0,13608,9,30.0678959
03/17/2015 15:37:41,21.875,9.375,9.375,17.1875,14.453125,46,44,57,52,53,4399.99756,4399.99756,4399.99756,4399.99756,43.0762558,32.8744164,0,6.502677,99.99995,41.95968,13.3949623,18.5284538,40,1571,950.0095,3505.50024,1900.019,5,6,0,41,31.7720413,12.1323528,14.3382349,723,950,70,64,0,13608,9,30.0678959
03/17/2015 15:37:42,24.242424,12.121212,4.54545,16.6666622,14.3939381,54,47,46,44,54,4399.99561,4399.99561,4399.99561,4399.99561,43.189,33.2042847,0,6.437623,99.9999,41.9592857,13.3948364,18.52858,40,1571,950.0095,3505.50024,1900.019,5,6,0,41,31.7720413,12.9629631,14.8148146,723,950,71,64,0,13608,9,30.0678959
03/17/2015 15:37:43,19.3548431,9.677422,3.22580338,22.5806465,13.7096767,46,47,45,51,51,4399.99561,4399.99561,4399.99561,4399.99561,40.9602051,30.92718,0,6.44743967,99.9999,41.9613876,13.3955078,18.5279083,41,1568,950.0095,3505.50024,1900.019,5,6,0,41,31.7720413,12.109375,13.28125,723,950,73,62,0,13608,9,30.0678959
03/17/2015 15:37:44,21.875,7.8125,7.8125,15.625,13.28125,47,45,47,44,47,4399.999,4399.999,4399.999,4399.999,42.1463242,32.0257721,0,6.477154,99.99998,41.95983,13.3950119,18.5284042,40,1569,950.0095,3505.50024,1900.019,5,6,0,41,31.7720413,12.0967741,13.3064518,723,950,64,58,0,13608,9,30.03876
03/17/2015 15:37:44,23.5294113,7.35294247,5.882353,22.05882,14.7058849,56,47,46,45,54,4399.993,4399.993,4399.993,4399.993,43.9948654,33.90861,0,6.480522,99.99985,41.96294,13.3960037,18.5274124,40,1570,950.0095,3505.50024,1900.019,5,6,0,41,31.7720413,13.5714283,14.6428576,725,953,77,64,0,13608,9,30.03876
03/17/2015 15:37:45,25,10.9375,6.25,18.75,15.234375,46,47,58,49,58,4399.993,4399.993,4399.993,4399.993,44.2157249,34.1972733,0,6.485127,99.99985,41.9614563,13.3955307,18.5278854,40,1569,950.0095,3505.50024,1900.019,5,6,0,41,31.7720413,12.6050425,15.12605,725,954,64,56,0,13608,9,29.6367111
03/17/2015 15:37:46,25,10.9375,6.25,21.875,16.015625,45,44,48,51,51,4399.99658,4399.99658,4399.99658,4399.99658,43.0132,33.16907,0,6.47849369,99.99992,41.96687,13.3972588,18.5261574,41,1569,950.0095,3505.50024,1900.019,5,6,0,41,31.7720413,13.28125,16.015625,726,954,74,60,0,13608,9,29.6084042
03/17/2015 15:37:47,29.6875,12.5,3.125,10.9375,14.0625,55,46,44,43,55,4399.99951,4399.99951,4399.99951,4399.99951,41.1367836,31.2583237,0,6.454949,99.99999,41.96681,13.39724,18.5261765,40,1567,950.0095,3505.50024,1900.019,5,6,0,41,31.7720413,12.890625,14.0625,726,954,62,62,0,13608,9,30.03876
03/17/2015 15:37:47,25,10.9375,6.25,10.9375,13.28125,44,53,53,47,54,4399.99951,4399.99951,4399.99951,4399.99951,40.5471344,30.6775551,0,6.4105,99.99999,41.968544,13.3977928,18.5256233,40,1568,950.0095,3505.50024,1900.019,4,6,0,41,31.7720413,11.363636,13.636364,726,954,64,60,0,13608,9,30.03876
03/17/2015 15:37:48,18.75,12.5,3.125,23.4375,14.453125,56,48,54,53,55,4399.999,4399.999,4399.999,4399.999,43.2028122,33.3015366,0,6.45383167,99.99998,41.9629173,13.3959961,18.52742,41,1567,950.0095,3505.50024,1900.019,5,6,0,41,31.7720413,13.5593224,15.2542372,726,954,81,68,0,13608,9,30.0678959
03/17/2015 15:37:49,17.1875,10.9375,4.6875,21.875,13.671875,45,55,45,44,55,4399.999,4399.999,4399.999,4399.999,42.189003,32.1412468,0,6.478742,99.99998,41.96454,13.3965149,18.5269012,40,1564,950.0095,3505.50024,1900.019,4,6,0,41,31.7720413,11.25,13.333333,726,954,65,56,0,13608,9,30.0678959
03/17/2015 15:37:50,15.625,14.0625,4.6875,28.125,15.625,44,43,44,52,52,4399.99463,4399.99463,4399.99463,4399.99463,43.79801,33.9171944,0,6.47199154,99.99988,41.9641,13.3963737,18.5270424,40,1564,950.0095,3505.50024,1900.019,5,6,0,41,31.7720413,14.0625,15.625,727,955,73,60,0,13608,9,30.0678959
03/17/2015 15:37:51,21.875,12.5,1.5625,12.5,12.109375,45,48,43,42,48,4399.99951,4399.99951,4399.99951,4399.99951,38.2251434,28.1843987,0,6.32649946,99.99999,41.9646835,13.3965607,18.5268555,40,1565,950.0095,3505.50024,1900.019,4,6,0,41,31.7720413,10.9375,12.109375,727,955,59,56,0,13608,9,30.03876
03/17/2015 15:37:52,18.75,9.375,7.8125,18.75,13.671875,50,46,44,44,50,4400,4400,4400,4400,39.0177536,29.0422077,0,6.266683,100,41.9628563,13.395977,18.52744,40,1568,950.0095,3505.50024,1900.019,5,6,0,41,31.7720413,12.109375,13.671875,727,955,73,66,0,13608,9,30.0678959
03/17/2015 15:37:52,17.1875,10.9375,4.6875,17.1875,12.5,52,44,45,44,52,4399.99463,4399.99463,4399.99463,4399.99463,37.502533,27.6981869,0,6.318971,99.99988,41.962368,13.3958206,18.5275955,40,1567,950.0095,3505.50024,1900.019,5,6,0,41,31.7720413,10.227273,12.5,727,955,73,60,0,13608,9,30.0678959
03/17/2015 15:37:53,21.875,10.9375,1.5625,15.625,12.5,44,46,44,51,54,4399.99463,4399.99463,4399.99463,4399.99463,39.3696442,29.4318,0,6.33019447,99.99988,41.96239,13.3958282,18.5275879,40,1568,950.0095,3505.50024,1900.019,5,6,0,41,31.7720413,11.7647057,12.5,727,955,66,66,0,13608,9,29.6084042
03/17/2015 15:37:54,17.1875,7.8125,6.25,18.75,12.5,53,43,44,44,49,4399.96436,4399.96436,4399.96436,4399.96436,38.89962,28.896822,0,6.306657,99.99919,41.9639435,13.3963242,18.527092,41,1568,950.0095,3505.50024,1900.019,5,6,0,41,31.7720413,10.546875,12.5,727,955,69,62,0,13608,9,30.0678959
03/17/2015 15:37:54,18.75,9.375,7.8125,14.0625,12.5,56,51,51,48,56,4399.99463,4399.99463,4399.99463,4399.99463,38.9692459,28.9795475,0,6.34325743,99.9998856,41.96288,13.3959846,18.5274315,40,1567,950.0095,3505.50024,1900.019,5,6,0,41,31.7720413,9.765625,12.5,727,955,75,64,0,13608,9,30.0678959
03/17/2015 15:37:55,20.3125,9.375,7.8125,17.1875,13.671875,45,47,45,46,47,4399.99463,4399.99463,4399.99463,4399.99463,39.259182,29.11097,0,6.346309,99.9998856,41.9628448,13.3959732,18.5274429,41,1567,950.0095,3505.50024,1900.019,5,6,0,41,31.7720413,10.546875,13.671875,727,955,62,62,0,13608,9,30.0678959
03/17/2015 15:37:56,17.1875,6.25,7.8125,18.75,12.5,46,50,45,43,50,4400.00146,4400.00146,4400.00146,4400.00146,36.7859154,26.88043,0,6.22632265,100.000031,41.960743,13.3953018,18.5281143,41,1567,950.0095,3505.50024,1900.019,5,6,0,41,31.7720413,10.546875,12.5,727,955,66,66,0,13608,9,30.0678959
03/17/2015 15:37:56,18.4659119,15.246212,9.090906,19.6969681,15.625,53,46,49,49,53,4399.997,4399.997,4399.997,4399.997,41.72299,31.7444153,0,6.361042,99.99994,41.9607658,13.3953094,18.5281067,41,1565,950.0095,3505.50024,1900.019,5,6,0,41,31.7720413,12.121212,15.530303,727,955,60,60,0,13608,9,30.0678959
03/17/2015 15:37:57,17.4899216,8.014112,3.22580338,12.9032249,10.40827,45,43,44,53,53,4399.997,4399.997,4399.997,4399.997,39.0121841,28.9942112,0,6.31699657,99.99994,41.9622955,13.3957977,18.5276184,40,1565,950.0095,3505.50024,1900.019,5,6,0,41,31.7720413,10.1045294,11.4982576,727,955,78,70,0,13608,9,30.03876
03/17/2015 15:37:58,15.625,6.25,7.8125,18.75,12.109375,51,44,43,43,51,4399.997,4399.997,4399.997,4399.997,37.85508,27.84069,0,6.31242752,99.99994,41.9599762,13.3950577,18.5283585,40,1563,950.0095,3505.50024,1900.019,5,6,0,41,31.7720413,10.15625,12.109375,727,955,58,58,0,13608,9,30.03876
03/17/2015 15:37:59,25,9.375,6.25,10.9375,12.890625,52,44,45,43,49,4400,4400,4400,4400,36.65014,26.89857,0,6.269291,100,41.9631767,13.39608,18.5273361,40,1567,950.0095,3505.50024,1900.019,5,6,0,41,31.7720413,10.546875,12.890625,728,957,62,62,0,13608,9,30.0678959
03/17/2015 15:37:59,29.6875,10.9375,3.125,10.9375,13.671875,46,52,48,44,52,4400,4400,4400,4400,41.22647,31.332674,0,6.376881,100,41.9610519,13.395401,18.5280151,40,1569,950.0095,3505.50024,1900.019,5,6,0,41,31.7720413,11.328125,13.671875,728,957,65,60,0,13608,9,30.0678959
03/17/2015 15:38:00,17.1875,14.0625,7.8125,14.0625,13.28125,48,52,46,49,53,4399.999,4399.999,4399.999,4399.999,42.7387352,32.7359772,0,6.41513872,99.9999847,41.9643364,13.39645,18.5269661,41,1566,950.0095,3505.50024,1900.019,5,6,0,41,31.7720413,10.9375,13.28125,729,958,77,60,0,13608,9,29.52756
03/17/2015 15:38:01,20.5882378,16.1764736,7.35294247,13.2352943,14.3382435,56,54,45,43,54,4399.995,4399.995,4399.995,4399.995,39.0814171,29.2470074,0,6.36726,99.99989,41.96442,13.3964767,18.52694,40,1565,950.0095,3505.50024,1900.019,5,6,0,41,31.7720413,12.1951218,16.027874,729,958,70,70,0,13608,9,29.52756
03/17/2015 15:38:02,17.1875,9.375,6.25,15.625,12.109375,51,46,44,43,52,4399.998,4399.998,4399.998,4399.998,37.4618454,27.766695,0,6.29465675,99.99996,41.96528,13.3967514,18.5266647,41,1565,950.0095,3505.50024,1900.019,5,6,0,41,31.7720413,10.15625,12.109375,729,958,62,62,0,13608,9,30.0678959
03/17/2015 15:38:03,29.6875,17.1875,18.75,12.5,19.53125,54,46,46,44,54,4399.99658,4399.99658,4399.99658,4399.99658,44.2435226,34.4860229,0,6.400887,99.99992,41.9619446,13.3956871,18.527729,40,1563,950.0095,3505.50024,1900.019,5,6,0,41,31.7720413,11.71875,19.53125,730,958,62,62,0,13608,9,30.0678959
03/17/2015 15:38:04,18.75,17.1875,6.25,18.75,15.234375,55,55,46,46,55,4399.998,4399.998,4399.998,4399.998,42.4710732,32.4292946,0,6.41109037,99.9999542,41.9635124,13.3961868,18.52723,40,1564,950.0095,3505.50024,1900.019,5,6,0,41,31.7720413,10.546875,15.234375,730,958,70,66,0,13608,9,30.03876
03/17/2015 15:38:05,26.5625,15.625,9.375,10.9375,15.625,48,44,48,42,48,4400.00049,4400.00049,4400.00049,4400.00049,43.4248962,33.7732277,0,6.293534,100.000008,41.97325,13.3992958,18.52412,40,1564,950.0095,3505.50024,1900.019,5,6,0,41,31.7720413,13.1097565,19.2073174,732,961,97,78,0,13608,9,30.0678959
03/17/2015 15:38:06,12.5,15.625,20.3125,17.1875,16.40625,45,43,49,46,49,4399.994,4399.994,4399.994,4399.994,44.4746437,34.5055542,0,6.42844868,99.99987,41.97459,13.3997231,18.5236931,40,1564,950.0095,3505.50024,1900.019,5,6,0,41,31.7720413,14.1129036,16.532259,733,963,62,62,0,13608,9,29.55665
03/17/2015 15:38:06,26.5625,17.1875,21.875,10.9375,19.140625,49,47,45,43,50,4399.99268,4399.99268,4399.99268,4399.99268,48.0556145,38.2048035,0,6.54894972,99.99983,41.9779472,13.400795,18.5226212,40,1565,950.0095,3505.50024,1900.019,5,6,0,41,31.7720413,12.5,18.939394,733,963,70,60,0,13608,9,30.03876
03/17/2015 15:38:07,17.1875,10.9375,14.0625,18.75,15.234375,50,48,54,47,54,4399.996,4399.996,4399.996,4399.996,42.25785,32.40214,0,6.474192,99.9999161,41.9766235,13.4003716,18.5230446,41,1567,950.0095,3505.50024,1900.019,5,6,0,41,31.7720413,11.71875,15.234375,732,962,66,60,0,13608,9,30.0678959
03/17/2015 15:38:08,12.5,14.0625,6.25,28.125,15.234375,48,46,47,53,53,4399.997,4399.997,4399.997,4399.997,44.6389732,34.5689964,0,6.479579,99.99993,41.9795837,13.4013176,18.5220985,40,1566,950.0095,3505.50024,1900.019,5,6,0,41,31.7720413,14.84375,16.015625,733,963,80,62,0,13608,9,30.0678959
03/17/2015 15:38:08,17.1875,14.0625,12.5,20.3125,16.015625,47,47,51,53,52,4399.99756,4399.99756,4399.99756,4399.99756,42.2971725,32.0590248,0,6.48679829,99.99995,41.9778976,13.40078,18.5226364,40,1570,950.0095,3505.50024,1900.019,5,7,0,41,31.7720413,13.2142859,16.7857151,733,963,76,68,0,13608,9,29.6084042
03/17/2015 15:38:09,15.625,9.375,17.1875,14.0625,14.0625,47,46,49,44,50,4399.99756,4399.99756,4399.99756,4399.99756,39.6258125,29.70784,0,6.413795,99.99995,41.97937,13.4012489,18.5221672,40,1570,950.0095,3505.50024,1900.019,5,6,0,41,31.7720413,9.913794,12.9310341,733,963,56,52,0,13608,9,30.0678959
03/17/2015 15:38:10,24.6685619,14.0625,4.6875,25,17.1046371,49,44,44,46,48,4399.99756,4399.99756,4399.99756,4399.99756,42.5688667,32.3707352,0,6.49929,99.99995,41.9799461,13.401432,18.5219841,40,1568,950.0095,3505.50024,1900.019,5,6,0,41,31.7720413,14.0625,17.1875,733,963,68,60,0,13608,9,30.0678959
03/17/2015 15:38:11,25,9.375,18.75,25,19.53125,55,50,52,49,55,4399.99463,4399.99463,4399.99463,4399.99463,47.2018356,37.44003,0,6.4402585,99.9998856,41.9794044,13.40126,18.5221558,40,1570,950.0095,3505.50024,1900.019,5,6,0,41,31.7720413,16.7300377,20.152092,734,964,87,62,0,13608,9,30.0678959
03/17/2015 15:38:12,25.6410236,15.3846149,8.974361,17.9487171,16.98718,56,50,48,50,57,4399.996,4399.996,4399.996,4399.996,42.4692078,32.72021,0,6.39065361,99.99991,41.96424,13.39642,18.5269966,40,1569,950.0095,3505.50024,1900.019,5,6,0,41,31.7720413,14.4230766,16.9871788,727,957,92,74,0,13608,9,30.03876
03/17/2015 15:38:13,15.625,7.8125,15.625,15.625,13.671875,48,47,47,42,47,4399.999,4399.999,4399.999,4399.999,37.16836,27.00719,0,6.298145,99.99998,41.96511,13.396698,18.5267181,40,1570,950.0095,3505.50024,1900.019,5,6,0,41,31.7720413,10.416667,13.75,728,959,67,62,0,13608,9,30.0678959
03/17/2015 15:38:14,15.625,17.1875,3.125,18.75,13.671875,46,46,45,43,46,4399.99951,4399.99951,4399.99951,4399.99951,39.24795,29.3031769,0,6.37503862,99.9999847,41.9633675,13.3961411,18.5272751,40,1571,950.0095,3505.50024,1900.019,5,6,0,41,31.7720413,10.9375,13.671875,729,963,62,62,0,13608,9,30.0678959
03/17/2015 15:38:14,14.0625,21.875,17.1875,20.3125,18.359375,47,47,46,47,52,4399.99951,4399.99951,4399.99951,4399.99951,45.63616,35.7598152,0,6.46864939,99.9999847,41.9620056,13.3957062,18.52771,40,1569,950.0095,3505.50024,1900.019,5,6,0,41,31.7720413,15.234375,18.359375,728,959,92,60,0,13608,9,30.0678959
03/17/2015 15:38:15,20.3125,23.4375,9.375,9.375,15.625,49,47,49,44,49,4399.997,4399.997,4399.997,4399.997,42.3017159,32.25142,0,6.467284,99.99994,41.9619827,13.3956985,18.5277176,41,1569,950.0095,3505.50024,1900.019,5,6,0,41,31.7720413,13.28125,15.625,728,959,62,62,0,13608,9,30.0678959
03/17/2015 15:38:16,20.3125,9.375,4.6875,17.1875,12.890625,49,46,47,53,53,4399.997,4399.997,4399.997,4399.997,41.6296349,31.3776054,0,6.46036625,99.99994,41.9614334,13.3955231,18.5278931,40,1573,950.0095,3505.50024,1900.019,5,6,0,41,31.7720413,11.7647057,13.2352943,730,961,82,66,0,13608,9,29.6084042
03/17/2015 15:38:17,17.1875,15.625,9.375,17.1875,14.84375,47,46,43,43,46,4399.99463,4399.99463,4399.99463,4399.99463,40.76393,30.77088,0,6.44067669,99.99988,41.9622,13.3957672,18.5276489,40,1574,950.0095,3505.50024,1900.019,5,6,0,41,31.7720413,12.8378382,16.216217,731,963,95,70,0,13608,9,30.0678959
03/17/2015 15:38:18,7.8125,17.1875,14.0625,14.0625,13.28125,46,43,49,45,49,4399.99854,4399.99854,4399.99854,4399.99854,38.9243431,29.1039047,0,6.33265162,99.99997,41.96517,13.3967171,18.5267,40,1574,950.0095,3505.50024,1900.019,5,6,0,41,31.7720413,10.9375,13.28125,731,962,65,62,0,13608,9,30.03876
03/17/2015 15:38:18,21.875,4.6875,15.625,26.5625,17.1875,47,48,52,56,56,4399.99854,4399.99854,4399.99854,4399.99854,44.15062,34.24699,0,6.443066,99.99997,41.96786,13.3975754,18.52584,40,1571,950.0095,3505.50024,1900.019,5,6,0,41,31.7720413,13.636364,17.424242,733,963,81,60,0,13608,9,30.03876
03/17/2015 15:38:19,25.6756783,18.9189186,6.75675869,18.9189186,17.56757,57,52,48,52,52,4399.99658,4399.99658,4399.99658,4399.99658,44.5068321,34.6906471,0,6.50652742,99.99992,41.9719734,13.3988876,18.5245285,40,1565,950.0095,3505.50024,1900.019,4,6,0,41,31.7720413,13.7820511,17.6282043,733,964,90,72,0,13608,9,30.0678959
03/17/2015 15:38:20,21.875,14.0625,4.6875,18.75,14.84375,45,55,43,42,55,4399.99658,4399.99658,4399.99658,4399.99658,38.5712738,28.77875,0,6.280776,99.99992,41.9735527,13.3993912,18.524025,40,1565,950.0095,3505.50024,1900.019,5,6,0,41,31.7720413,11.2903223,14.5161295,734,965,76,60,0,13608,9,30.0678959
03/17/2015 15:38:21,15.625,15.625,4.6875,20.3125,14.0625,47,45,47,43,47,4400.00049,4400.00049,4400.00049,4400.00049,40.15737,30.406805,0,6.373594,100.000015,41.9741974,13.3995972,18.523819,40,1568,950.0095,3505.50024,1900.019,5,6,0,41,31.7720413,11.4285717,14.6428576,734,965,66,66,0,13608,9,30.0678959
03/17/2015 15:38:22,23.4375,12.5,6.25,10.9375,13.28125,48,43,45,43,48,4399.98975,4399.98975,4399.98975,4399.98975,39.2016258,29.28014,0,6.279701,99.99977,41.97447,13.3996849,18.5237312,41,1567,950.0095,3505.50024,1900.019,5,6,0,41,31.7720413,10.8870964,13.3064518,734,965,62,62,0,13608,9,30.03876
03/17/2015 15:38:22,26.5625,7.8125,4.6875,14.0625,13.28125,45,44,48,44,48,4399.98975,4399.98975,4399.98975,4399.98975,38.0955849,28.1204,0,6.34546,99.99977,41.975296,13.3999481,18.523468,41,1565,950.0095,3505.50024,1900.019,5,6,0,41,31.7720413,10.546875,13.28125,734,965,64,60,0,13608,9,30.03876
03/17/2015 15:38:23,15.625,9.375,3.125,18.75,11.71875,45,45,43,43,47,4399.997,4399.997,4399.997,4399.997,38.6834641,28.689579,0,6.32205725,99.99993,41.97429,13.3996277,18.5237885,40,1564,950.0095,3505.50024,1900.019,5,6,0,41,31.7720413,9.848485,11.742424,734,965,71,62,0,13608,9,29.6084042
03/17/2015 15:38:24,14.0625,10.9375,3.125,14.0625,10.546875,47,46,45,47,49,4399.999,4399.999,4399.999,4399.999,39.5047073,29.4884377,0,6.335605,99.9999847,41.9764938,13.40033,18.5230865,40,1564,950.0095,3505.50024,1900.019,5,6,0,41,31.7720413,8.984375,10.546875,735,966,77,62,0,13608,9,30.0678959
03/17/2015 15:38:24,22.05882,10.2941151,8.823532,14.7058849,13.9705954,54,46,46,50,54,4399.995,4399.995,4399.995,4399.995,39.5956421,29.64217,0,6.382131,99.99989,41.97673,13.4004059,18.52301,40,1565,950.0095,3505.50024,1900.019,5,6,0,41,31.7720413,10.6617651,13.9705887,735,966,60,60,0,13608,9,30.0678959
03/17/2015 15:38:25,26.5625,12.5,7.8125,15.5303,15.601325,53,47,46,46,53,4399.99951,4399.99951,4399.99951,4399.99951,41.2041321,31.1511135,0,6.485627,99.99999,41.9751549,13.3999023,18.5235138,40,1564,950.0095,3505.50024,1900.019,5,6,0,41,31.7720413,12.5,16.1290321,735,968,58,56,0,13608,9,29.55665
03/17/2015 15:38:26,20.3125,29.6875,23.4375,20.3125,23.4375,51,49,58,51,56,4399.99951,4399.99951,4399.99951,4399.99951,49.77054,40.04355,0,6.55301762,99.99999,41.9614334,13.3955231,18.5278931,40,1566,950.0095,3505.50024,1900.019,5,6,0,41,31.7720413,19.8529415,22.794117,731,961,101,66,0,13608,9,30.03876
03/17/2015 15:38:27,25,6.25,10.9375,20.3125,15.625,50,48,47,54,54,4399.99658,4399.99658,4399.99658,4399.99658,43.85994,34.08273,0,6.409696,99.99992,41.96196,13.3956909,18.5277252,40,1567,950.0095,3505.50024,1900.019,5,6,0,41,31.7720413,13.1578951,16.7763157,732,962,104,74,0,13608,9,30.0678959
03/17/2015 15:38:28,10.9375,10.9375,10.9375,20.3125,13.28125,49,45,49,54,55,4399.99463,4399.99463,4399.99463,4399.99463,44.20874,34.2850876,0,6.525862,99.99987,41.9602127,13.395134,18.5282822,41,1563,950.0095,3505.50024,1900.019,5,6,0,41,31.7720413,14.018692,15.8878508,732,962,98,78,0,13608,9,30.0678959
03/17/2015 15:38:29,20.3125,7.8125,12.5,15.625,14.0625,46,52,48,43,52,4399.995,4399.995,4399.995,4399.995,38.546978,28.4854259,0,6.37865162,99.99989,41.95982,13.3950081,18.5284081,40,1563,950.0095,3505.50024,1900.019,5,6,0,41,31.7720413,10.1851854,12.9629631,733,964,71,54,0,13608,9,30.0678959
03/17/2015 15:38:29,28.125,6.25,12.5,15.625,15.625,53,51,51,48,53,4399.99756,4399.99756,4399.99756,4399.99756,44.49129,34.6698952,0,6.44402027,99.99995,41.9600334,13.3950768,18.52834,40,1566,950.0095,3505.50024,1900.019,5,6,0,41,31.7720413,13.28125,15.625,732,963,61,60,0,13608,9,30.0678959
03/17/2015 15:38:30,26.5625,9.375,4.6875,18.75,14.84375,44,45,44,50,50,4399.99756,4399.99756,4399.99756,4399.99756,39.8482,29.6450043,0,6.384248,99.99995,41.96,13.3950653,18.52835,40,1566,950.0095,3505.50024,1900.019,5,6,0,41,31.7720413,12.1673,14.8288975,733,964,78,62,0,13608,9,29.6084042
03/17/2015 15:38:30,17.1875,21.875,17.1875,12.5,17.1875,55,60,58,49,57,4399.99463,4399.99463,4399.99463,4399.99463,45.5804,35.63673,0,6.46387243,99.99988,41.96079,13.3953171,18.5281,40,1567,950.0095,3505.50024,1900.019,5,6,0,41,31.7720413,16.7315178,18.2879372,732,966,84,64,0,13608,9,29.6084042
03/17/2015 15:38:31,25,9.375,14.0625,23.4375,17.96875,53,48,48,51,53,4400.00049,4400.00049,4400.00049,4400.00049,48.5614281,38.6021347,0,6.591911,100.000008,41.9556961,13.393692,18.5297241,41,1570,950.0095,3505.50024,1900.019,5,6,0,41,31.7720413,13.7096777,18.5483875,729,963,82,56,0,13608,9,30.03876
03/17/2015 15:38:32,17.1875,9.425402,4.6875,18.75,12.5126,45,49,45,52,52,4400.00049,4400.00049,4400.00049,4400.00049,40.0983353,29.8067379,0,6.38835,100.000008,41.95301,13.3928337,18.5305824,41,1568,950.0095,3505.50024,1900.019,6,7,0,41,31.7720413,8.59375,12.5,727,961,62,62,0,13608,9,30.03876
03/17/2015 15:38:32,21.875,10.8428,10.9375,15.625,14.820075,46,50,49,53,53,4399.993,4399.993,4399.993,4399.993,46.65594,36.65817,0,6.525495,99.99984,41.95276,13.3927536,18.5306625,40,1567,950.0095,3505.50024,1900.019,6,7,0,41,31.7720413,11.8055553,15.9722223,729,963,83,68,0,13608,9,30.0678959
03/17/2015 15:38:33,20.3125,14.0625,17.1875,25,19.140625,52,46,47,50,54,4399.99951,4399.99951,4399.99951,4399.99951,49.5756645,39.76393,0,6.644425,99.99999,41.95412,13.3931885,18.5302277,40,1563,950.0095,3505.50024,1900.019,5,7,0,41,31.7733765,15.625,19.140625,730,964,76,60,0,13608,9,30.0678959
03/17/2015 15:38:34,10.9375,18.75,4.6875,14.0625,12.109375,46,45,47,50,50,4399.998,4399.998,4399.998,4399.998,40.89123,30.89197,0,6.37142324,99.9999542,41.95281,13.3927689,18.5306473,41,1563,950.0095,3505.50024,1900.019,5,6,0,41,31.7733765,10.26616,12.9277563,730,964,71,62,0,13608,9,30.0678959
03/17/2015 15:38:35,18.75,14.0625,10.9375,20.3125,16.015625,45,54,55,47,55,4399.994,4399.994,4399.994,4399.994,46.04363,35.99243,0,6.71691227,99.99987,41.9599266,13.3950424,18.5283737,40,1559,950.0095,3505.50024,1900.019,5,6,0,41,31.7733765,11.7647057,16.544117,730,965,79,66,0,13608,9,30.0678959
03/17/2015 15:38:35,15.625,15.625,7.8125,23.4375,15.625,49,51,51,54,55,4399.996,4399.996,4399.996,4399.996,45.43777,35.6022224,0,6.51732731,99.99991,41.97073,13.3984909,18.5249252,41,1559,950.0095,3505.50024,1900.019,4,6,0,41,31.7680359,14.5270271,17.22973,731,966,87,72,0,13608,9,30.03876
03/17/2015 15:38:36,17.1875,12.5,12.5,15.625,14.453125,46,45,46,55,55,4399.996,4399.996,4399.996,4399.996,44.037075,34.2028,0,6.518224,99.99991,41.9708748,13.3985367,18.52488,40,1562,950.0095,3505.50024,1900.019,5,6,0,41,31.7680359,12.1794872,15.0641022,732,966,92,72,0,13608,9,30.0678959
03/17/2015 15:38:37,25,7.8125,1.5625,17.1875,12.890625,51,47,49,44,52,4399.995,4399.995,4399.995,4399.995,44.05019,34.02226,0,6.56696463,99.99989,41.97104,13.39859,18.524826,41,1565,950.0095,3505.50024,1900.019,5,6,0,41,31.7680359,11.24498,12.8514061,732,966,61,60,0,13608,9,29.6084042
03/17/2015 15:38:38,34.375,14.0625,10.9375,15.625,18.75,46,45,50,51,51,4400.00049,4400.00049,4400.00049,4400.00049,45.0235519,35.0367928,0,6.548952,100.000008,41.970623,13.3984566,18.52496,41,1566,950.0095,3505.50024,1900.019,5,6,0,41,31.7680359,14.015152,18.560606,733,966,80,66,0,13608,9,29.6084042
03/17/2015 15:38:39,15.625,15.625,21.875,17.1875,17.578125,47,56,59,51,60,4400.00049,4400.00049,4400.00049,4400.00049,45.8038,35.91337,0,6.54068041,100.000008,41.9711952,13.39864,18.5247765,40,1569,950.0095,3505.50024,1900.019,5,6,0,41,31.7680359,14.015152,18.560606,733,966,76,66,0,13608,9,30.0678959
03/17/2015 15:38:40,32.8125,25,15.625,15.625,22.265625,46,55,46,52,57,4399.998,4399.998,4399.998,4399.998,44.821743,35.0602646,0,6.473078,99.99996,41.97135,13.3986893,18.5247269,41,1568,950.0095,3505.50024,1900.019,5,6,0,41,31.7680359,13.6882133,23.1939163,733,966,77,62,0,13608,9,30.0678959
03/17/2015 15:38:40,19.1176472,11.7647057,1.47058964,16.1764736,12.1323528,54,46,44,52,54,4399.999,4399.999,4399.999,4399.999,42.490818,32.46931,0,6.54865551,99.9999847,41.9725227,13.3990631,18.524353,41,1570,950.0095,3505.50024,1900.019,5,6,0,41,31.7680359,10.2564106,10.9890108,733,965,74,68,0,13608,9,30.0678959
03/17/2015 15:38:41,20.3125,9.375,4.6875,17.1875,12.890625,51,48,45,47,53,4399.999,4399.999,4399.999,4399.999,45.70869,35.8277245,0,6.62257767,99.9999847,41.97176,13.398819,18.5245972,40,1572,950.0095,3505.50024,1900.019,5,6,0,41,31.7680359,11.71875,12.890625,733,965,60,60,0,13608,9,30.03876
03/17/2015 15:38:42,20.3125,4.6875,15.625,20.3125,15.234375,50,47,52,52,52,4400.003,4400.003,4400.003,4400.003,47.5744133,37.67411,0,6.629397,100.000061,41.9709473,13.39856,18.5248566,41,1573,950.0095,3505.50024,1900.019,5,6,0,41,31.7680359,13.257576,15.530303,731,965,80,66,0,13608,9,30.03876
03/17/2015 15:38:42,12.5,12.5,4.6875,23.4375,13.28125,49,50,52,53,53,4399.9917,4399.9917,4399.9917,4399.9917,45.7601357,35.62238,0,6.63268852,99.99981,41.9718056,13.3988342,18.5245819,41,1573,950.0095,3505.50024,1900.019,5,6,0,41,31.7680359,12.109375,13.28125,732,965,65,60,0,13608,9,30.0678959
03/17/2015 15:38:43,22.7272758,12.121212,10.6060619,25.757576,17.8030243,56,48,53,48,54,4400.00439,4400.00439,4400.00439,4400.00439,46.5654945,36.87706,0,6.50559473,100.0001,41.9715652,13.3987579,18.5246582,41,1573,950.0095,3505.50024,1900.019,4,6,0,41,31.7680359,13.28125,17.578125,732,965,73,58,0,13608,9,30.0678959
03/17/2015 15:38:44,18.75,17.1875,7.8125,15.625,14.84375,46,44,46,55,53,4400.00439,4400.00439,4400.00439,4400.00439,43.9716568,34.0884552,0,6.46458244,100.0001,41.9715538,13.3987541,18.524662,40,1571,950.0095,3505.50024,1900.019,5,6,0,41,31.7680359,14.189189,16.8918915,732,965,78,70,0,13608,9,29.52756
03/17/2015 15:38:45,26.5625,10.9375,7.8125,15.625,15.234375,51,47,45,45,50,4400.00439,4400.00439,4400.00439,4400.00439,44.89617,34.93037,0,6.586483,100.0001,41.9720573,13.3989143,18.5245018,41,1571,950.0095,3505.50024,1900.019,5,6,0,41,31.7680359,10.546875,15.234375,732,965,63,62,0,13608,9,29.6367111
03/17/2015 15:38:45,26.5625,15.625,14.0625,18.75,18.75,47,48,49,52,52,4400.00439,4400.00439,4400.00439,4400.00439,48.2781372,38.3856621,0,6.66478729,100.0001,41.96001,13.3950691,18.528347,41,1571,950.0095,3505.50024,1900.019,5,6,0,41,31.7680359,12.890625,18.75,732,966,71,60,0,13608,9,30.03876
03/17/2015 15:38:46,28.125,15.625,7.8125,17.1875,17.1875,47,50,47,46,51,4399.99561,4399.99561,4399.99561,4399.99561,46.968277,37.08165,0,6.61299133,99.9999,41.9602623,13.3951492,18.5282669,40,1569,950.0095,3505.50024,1900.019,5,6,0,41,31.7680359,14.3382349,17.2794113,732,966,73,60,0,13608,9,30.0678959
03/17/2015 15:38:47,14.0625,18.75,9.375,18.75,15.234375,46,58,57,52,58,4400.002,4400.002,4400.002,4400.002,46.3126678,36.29032,0,6.531361,100.000038,41.9604645,13.3952141,18.5282021,41,1568,950.0095,3505.50024,1900.019,5,7,0,41,31.7680359,12.5,15.234375,732,967,75,60,0,13608,9,30.0678959
03/17/2015 15:38:48,23.4375,14.0625,9.375,14.0625,15.234375,46,45,57,53,54,4399.997,4399.997,4399.997,4399.997,46.2714,36.0470543,0,6.662497,99.99994,41.96084,13.3953323,18.5280838,40,1572,950.0095,3505.50024,1900.019,5,6,0,41,31.7680359,14.2857141,16.0714283,732,967,68,66,0,13608,9,30.0678959
03/17/2015 15:38:49,20.3125,9.375,12.5,18.75,15.234375,46,51,46,43,48,4399.99756,4399.99756,4399.99756,4399.99756,43.2572975,33.4108963,0,6.557077,99.99995,41.9605637,13.3952446,18.5281715,41,1567,950.0095,3505.50024,1900.019,5,6,0,41,31.7680359,11.328125,15.234375,732,967,62,62,0,13608,9,30.0678959
03/17/2015 15:38:49,17.1875,6.25,3.125,28.125,13.671875,47,45,46,49,49,4399.99756,4399.99756,4399.99756,4399.99756,44.7937431,34.83656,0,6.492057,99.99995,41.9581223,13.3944664,18.52895,41,1564,950.0095,3505.50024,1900.019,5,6,0,41,31.7680359,12.109375,13.671875,732,967,74,60,0,13608,9,30.0678959
03/17/2015 15:38:50,23.4375,9.375,4.6875,20.3125,14.453125,49,45,45,43,49,4399.99756,4399.99756,4399.99756,4399.99756,42.3109665,31.8302479,0,6.465541,99.99994,41.95811,13.3944626,18.5289536,40,1565,950.0095,3505.50024,1900.019,5,6,0,41,31.7680359,11.3970585,14.3382349,732,967,62,62,0,13608,9,30.03876
03/17/2015 15:38:51,25,7.8125,6.25,23.4375,15.625,55,46,47,47,52,4399.99951,4399.99951,4399.99951,4399.99951,42.76165,32.71923,0,6.46898842,99.99999,41.95791,13.3943977,18.5290184,40,1566,950.0095,3505.50024,1900.019,5,6,0,41,31.7680359,12.109375,15.625,732,967,64,62,0,13608,9,30.0678959
03/17/2015 15:38:51,14.0625,12.5,10.9375,28.125,16.40625,47,46,49,55,55,4399.99951,4399.99951,4399.99951,4399.99951,45.7352753,35.6886368,0,6.449215,99.99999,41.9553032,13.3935661,18.52985,40,1563,950.0095,3505.50024,1900.019,5,6,0,41,31.7680359,15.3571424,18.5714283,731,965,77,64,0,13608,9,30.0678959
03/17/2015 15:38:52,20.3125,18.75,10.9375,14.0625,16.015625,46,47,57,50,53,4399.99951,4399.99951,4399.99951,4399.99951,45.3303261,35.24826,0,6.56256676,99.99999,41.95387,13.3931084,18.5303078,41,1562,950.0095,3505.50024,1900.019,5,6,0,41,31.7680359,11.71875,14.453125,732,966,75,62,0,13608,9,30.0678959
03/17/2015 15:38:53,21.875,9.375,20.3125,14.0625,16.40625,48,47,44,43,48,4399.99658,4399.99658,4399.99658,4399.99658,43.65367,33.7389145,0,6.45572329,99.99992,41.95468,13.3933678,18.5300484,41,1563,950.0095,3505.50024,1900.019,5,6,0,41,31.7680359,11.71875,16.40625,732,966,64,62,0,13608,9,29.6084042
03/17/2015 15:38:53,12.5,6.25,7.8125,23.4375,12.5,45,45,45,48,48,4399.99658,4399.99658,4399.99658,4399.99658,40.47789,30.4004536,0,6.41677141,99.99992,41.95333,13.3929367,18.53048,41,1565,950.0095,3505.50024,1900.019,5,6,0,41,31.7680359,9.765625,12.5,732,966,69,60,0,13608,9,29.6084042
03/17/2015 15:38:54,15.625,10.9375,6.25,10.9375,10.9375,46,46,44,43,46,4400,4400,4400,4400,41.64348,31.5430431,0,6.42979765,100,41.95582,13.39373,18.529686,40,1565,950.0095,3505.50024,1900.019,5,6,0,41,31.7680359,8.984375,10.9375,732,966,70,60,0,13608,9,30.0678959
03/17/2015 15:38:55,15.625,14.0625,7.8125,20.3125,14.453125,50,49,47,45,50,4400,4400,4400,4400,43.38599,33.32457,0,6.45883942,100,41.95315,13.3928795,18.5305367,41,1567,950.0095,3505.50024,1900.019,5,6,0,41,31.7680359,11.328125,14.453125,732,966,64,62,0,13608,9,30.03876
03/17/2015 15:38:55,15.625,6.25,10.9375,12.5,11.328125,50,46,47,44,51,4399.994,4399.994,4399.994,4399.994,41.83169,31.7110939,0,6.430049,99.99987,41.9537239,13.3930626,18.5303535,40,1564,950.0095,3505.50024,1900.019,5,6,0,41,31.7680359,9.375,11.328125,732,966,63,60,0,13608,9,30.03876
03/17/2015 15:38:56,17.1875,17.1875,6.25,15.625,14.0625,46,58,57,47,55,4399.994,4399.994,4399.994,4399.994,41.9469833,32.20932,0,6.40624666,99.99987,41.95589,13.3937531,18.5296631,41,1564,950.0095,3505.50024,1900.019,5,6,0,41,31.7680359,12.1527777,15.9722223,733,967,75,66,0,13608,9,30.0678959
03/17/2015 15:38:57,28.125,15.625,3.125,15.625,15.625,47,46,45,46,47,4399.99854,4399.99854,4399.99854,4399.99854,41.0237274,31.1544,0,6.40530539,99.99996,41.96037,13.3951836,18.5282326,41,1567,950.0095,3505.50024,1900.019,5,6,0,41,31.7680359,12.109375,15.625,734,968,74,62,0,13608,9,30.0678959
03/17/2015 15:38:57,18.75,21.875,6.25,20.3125,16.796875,45,47,46,46,47,4399.99854,4399.99854,4399.99854,4399.99854,42.94209,33.0635948,0,6.60515642,99.99996,41.9602242,13.3951378,18.5282784,40,1566,950.0095,3505.50024,1900.019,6,6,0,41,31.7680359,8.984375,16.796875,734,968,60,60,0,13608,9,30.0678959
03/17/2015 15:38:58,14.0625,17.1875,20.3125,26.5625,19.53125,49,48,52,47,52,4399.99756,4399.99756,4399.99756,4399.99756,47.7418976,37.5997772,0,6.8541,99.99995,41.96018,13.3951225,18.5282936,40,1564,950.0095,3505.50024,1900.019,6,7,0,41,31.7680359,10.15625,19.53125,734,968,76,62,0,13608,9,30.0678959
03/17/2015 15:38:59,20.3125,12.5,6.25,14.0625,13.28125,56,48,54,45,54,4399.99561,4399.99561,4399.99561,4399.99561,38.9503746,29.1480217,0,6.33600473,99.99989,41.9612427,13.395462,18.5279541,41,1566,950.0095,3505.50024,1900.019,5,6,0,41,31.7680359,9.926471,13.9705887,734,968,73,62,0,13608,9,30.03876
03/17/2015 15:39:00,17.1875,9.375,7.8125,14.0625,12.109375,45,44,46,53,55,4399.999,4399.999,4399.999,4399.999,39.2086067,28.9237022,0,6.37114,99.9999847,41.961647,13.3955917,18.5278244,40,1568,950.0095,3505.50024,1900.019,5,6,0,41,31.7680359,10.810811,13.5135136,734,968,75,70,0,13608,9,29.6367111
03/17/2015 15:39:01,20.3125,6.25,10.9375,17.1875,13.671875,48,47,44,42,48,4399.999,4399.999,4399.999,4399.999,38.8861771,28.6363945,0,6.39274931,99.9999847,41.9602852,13.3951569,18.52826,41,1563,950.0095,3505.50024,1900.019,5,6,0,41,31.7680359,10.546875,13.671875,734,968,62,62,0,13608,9,30.03876
03/17/2015 15:39:01,12.5,12.5,18.75,10.9375,13.671875,47,45,47,46,47,4399.998,4399.998,4399.998,4399.998,45.12705,34.953537,0,6.54297972,99.9999542,41.9620056,13.3957062,18.52771,41,1565,950.0095,3505.50024,1900.019,5,6,0,41,31.7680359,9.765625,13.671875,734,968,69,60,0,13608,9,30.03876
03/17/2015 15:39:02,23.4375,10.9375,3.125,12.5,12.5,48,51,46,43,51,4399.998,4399.998,4399.998,4399.998,44.2246056,34.3694649,0,6.47594261,99.9999542,41.9609337,13.3953629,18.5280533,40,1563,950.0095,3505.50024,1900.019,5,6,0,41,31.7680359,10.546875,12.5,734,968,62,60,0,13608,9,30.0678959
03/17/2015 15:39:03,20.3125,7.8125,10.9375,20.3125,14.84375,48,47,54,47,54,4399.997,4399.997,4399.997,4399.997,41.9213142,31.7773266,0,6.478087,99.99994,41.9597969,13.395,18.5284157,40,1563,950.0095,3505.50024,1900.019,5,6,0,41,31.7680359,12.5,14.84375,734,968,64,62,0,13608,9,30.0678959
03/17/2015 15:39:03,18.1818123,7.575756,7.575756,21.2121181,13.6363621,56,50,48,48,54,4400.00146,4400.00146,4400.00146,4400.00146,44.76219,34.89949,0,6.380151,100.000031,41.96135,13.3954964,18.52792,40,1564,950.0095,3505.50024,1900.019,5,6,0,41,31.7680359,11.0294113,13.6029415,734,968,68,60,0,13608,9,29.6084042
03/17/2015 15:39:04,22.5806465,6.45161247,6.45161867,16.1290283,12.9032249,47,46,47,52,55,4400.00146,4400.00146,4400.00146,4400.00146,42.4543076,32.39678,0,6.46636343,100.000031,41.96197,13.3956947,18.5277214,40,1566,950.0095,3505.50024,1900.019,5,6,0,41,31.7680359,11.0294113,13.6029415,734,968,68,66,0,13608,9,29.6084042
03/17/2015 15:39:04,21.875,6.25,4.6875,14.0625,11.71875,46,50,58,55,55,4400.00146,4400.00146,4400.00146,4400.00146,40.62655,30.7356987,0,6.357309,100.000031,41.96006,13.3950844,18.5283318,40,1568,950.0095,3505.50024,1900.019,5,6,0,41,31.7680359,11.363636,12.878788,734,968,65,60,0,13608,9,30.0678959
03/17/2015 15:39:05,17.1875,9.375,3.125,21.875,12.890625,46,49,54,52,52,4399.99756,4399.99756,4399.99756,4399.99756,45.0934944,35.00876,0,6.48678875,99.99994,41.96148,13.3955383,18.5278778,41,1570,950.0095,3505.50024,1900.019,5,6,0,41,31.7680359,12.109375,13.28125,734,969,62,60,0,13608,9,30.0678959
03/17/2015 15:39:06,20.3125,12.5,3.125,18.75,13.671875,48,50,45,43,50,4399.997,4399.997,4399.997,4399.997,42.29752,32.3681526,0,6.4139514,99.99993,41.959774,13.3949928,18.5284233,40,1568,950.0095,3505.50024,1900.019,5,6,0,41,31.7680359,12.5,14.1129036,734,969,64,56,0,13608,9,30.03876
03/17/2015 15:39:07,22.7272758,10.6060619,7.575756,16.6666622,14.3939314,54,46,44,43,54,4400,4400,4400,4400,40.0561256,30.01445,0,6.43298,100,41.96007,13.3950882,18.5283279,40,1568,950.0095,3505.50024,1900.019,5,6,0,41,31.7680359,10.984848,14.393939,734,969,68,66,0,13608,9,30.03876
03/17/2015 15:39:07,12.9032249,9.677422,11.2903233,12.9032249,11.6935434,47,56,47,53,53,4400,4400,4400,4400,42.2045174,32.3031425,0,6.43983269,100,41.9610748,13.3954086,18.5280075,41,1567,950.0095,3505.50024,1900.019,5,6,0,41,31.7680359,10.984848,12.5,734,969,65,60,0,13608,9,29.55665
03/17/2015 15:39:08,20.3125,14.0625,9.375,12.5,14.0625,46,50,47,43,50,4399.998,4399.998,4399.998,4399.998,43.0363045,32.6906,0,6.492866,99.9999542,41.96044,13.3952065,18.52821,41,1570,950.0095,3505.50024,1900.019,5,6,0,41,31.7680359,10.15625,14.0625,734,969,63,60,0,13608,9,30.0678959
03/17/2015 15:39:09,33.3333321,7.575756,15.1515121,22.7272758,19.6969624,55,48,46,44,55,4400,4400,4400,4400,50.34524,40.56874,0,6.596129,100,41.96154,13.3955574,18.5278587,41,1572,950.0095,3505.50024,1900.019,5,6,0,41,31.7680359,12.878788,19.69697,734,969,70,66,0,13608,9,30.0678959
03/17/2015 15:39:09,22.5806465,12.9032249,8.06452,19.3548431,15.7258034,50,53,54,53,53,4400,4400,4400,4400,44.61772,34.6099167,0,6.57725763,100,41.9607773,13.3953133,18.5281029,41,1570,950.0095,3505.50024,1900.019,5,6,0,41,31.7680359,12.890625,15.625,735,969,67,60,0,13608,9,30.03876
03/17/2015 15:39:10,23.4375,15.625,6.25,14.0625,14.84375,48,56,59,46,59,4399.999,4399.999,4399.999,4399.999,43.58343,33.646843,0,6.50060034,99.99998,41.9621124,13.3957405,18.5276756,40,1568,950.0095,3505.50024,1900.019,5,6,0,41,31.7680359,11.7870722,15.9695816,735,969,60,60,0,13608,9,30.0678959
03/17/2015 15:39:11,19.3548431,16.129034,6.45161867,16.0786266,14.5035324,46,53,54,53,56,4399.997,4399.997,4399.997,4399.997,42.5063,32.4810371,0,6.4946785,99.99993,41.960968,13.3953743,18.5280418,41,1566,950.0095,3505.50024,1900.019,5,6,0,41,31.7680359,10.984848,14.393939,735,969,60,60,0,13608,9,30.0678959
03/17/2015 15:39:12,20.3125,29.6875,9.375,15.625,18.75,48,46,48,54,54,4399.997,4399.997,4399.997,4399.997,46.49177,36.8090439,0,6.42338037,99.99993,41.96289,13.3959885,18.5274277,41,1569,950.0095,3505.50024,1900.019,5,6,0,41,31.7680359,10.6617651,18.75,735,969,76,66,0,13608,9,30.0678959
03/17/2015 15:39:13,21.2121239,21.5909119,16.6666622,31.818182,22.8219681,54,47,48,45,54,4399.99756,4399.99756,4399.99756,4399.99756,52.4309578,42.71956,0,6.78140259,99.99994,41.960968,13.3953743,18.5280418,41,1569,950.0095,3505.50024,1900.019,6,7,0,41,31.7680359,11.742424,22.727272,735,969,76,66,0,13608,9,30.0678959
03/17/2015 15:39:13,22.5806465,31.9052467,20.9677467,20.9677467,24.1053467,49,49,53,55,55,4399.99756,4399.99756,4399.99756,4399.99756,51.64993,41.62129,0,6.85131645,99.99994,41.9619331,13.3956833,18.5277328,40,1572,950.0095,3505.50024,1900.019,5,6,0,41,31.7680359,17.045454,23.484848,735,969,65,60,0,13608,9,30.03876
03/17/2015 15:39:14,26.5625,17.1875,10.9375,9.375,16.015625,50,51,46,45,53,4399.99756,4399.99756,4399.99756,4399.99756,45.2664566,35.3441658,0,6.57039738,99.99994,41.96136,13.3955,18.527916,41,1573,950.0095,3505.50024,1900.019,5,6,0,41,31.7680359,12.5,16.1290321,735,969,59,56,0,13608,9,29.6084042
03/17/2015 15:39:15,25,9.375,6.25,17.1875,14.453125,55,54,46,52,54,4399.99756,4399.99756,4399.99756,4399.99756,43.6165962,33.78098,0,6.451778,99.99994,41.96,13.3950653,18.52835,40,1570,950.0095,3505.50024,1900.019,5,6,0,41,31.7680359,11.363636,14.393939,735,969,71,62,0,13608,9,29.6084042
03/17/2015 15:39:15,20.3125,6.25,6.25,21.875,13.671875,47,46,59,51,54,4399.99756,4399.99756,4399.99756,4399.99756,44.8249969,34.7200737,0,6.53975153,99.99994,41.9614944,13.3955421,18.527874,41,1572,950.0095,3505.50024,1900.019,5,6,0,41,31.7680359,12.878788,14.393939,735,969,71,64,0,13608,9,30.0678959
03/17/2015 15:39:16,23.6842155,10.5263119,6.578946,18.4210548,14.8026285,56,51,53,49,55,4400.001,4400.001,4400.001,4400.001,43.2983131,33.37759,0,6.394985,100.000031,41.96177,13.39563,18.5277863,41,1574,950.0095,3505.50024,1900.019,5,6,0,41,31.7680359,13.1756754,14.8648653,735,969,71,70,0,13608,9,30.0678959
03/17/2015 15:39:17,17.1875,10.9375,10.9375,20.3125,14.84375,53,47,47,44,53,4400,4400,4400,4400,43.73189,33.6306725,0,6.49371672,100,41.95517,13.3935242,18.529892,40,1573,950.0095,3505.50024,1900.019,5,6,0,41,31.7680359,12.121212,14.393939,729,963,62,62,0,13608,9,30.0678959
03/17/2015 15:39:17,17.1875,9.375,7.8125,26.5625,15.234375,49,48,54,54,54,4400,4400,4400,4400,46.75534,36.6892166,0,6.50226736,100,41.9551964,13.3935318,18.5298843,40,1570,950.0095,3505.50024,1900.019,4,6,0,41,31.7680359,13.636364,15.530303,729,964,64,64,0,13608,9,30.0678959
03/17/2015 15:39:18,29.6875,18.75,14.0625,26.5625,22.265625,50,52,51,53,53,4400,4400,4400,4400,51.4548264,41.3471222,0,6.8809166,100,41.9548721,13.3934288,18.5299873,41,1567,950.0095,3505.50024,1900.019,6,7,0,41,31.7680359,14.3382349,22.0588226,729,964,64,64,0,13608,9,30.03876
03/17/2015 15:39:19,22.7272758,9.090906,0,19.6969681,12.878788,56,46,45,43,56,4399.998,4399.998,4399.998,4399.998,41.8418236,31.6332169,0,6.48858452,99.9999542,41.95148,13.3923454,18.53107,41,1564,950.0095,3505.50024,1900.019,5,6,0,41,31.7680359,10.9803925,12.54902,728,962,62,62,0,13608,9,30.03876
03/17/2015 15:39:20,20.6653233,8.06452,9.677422,14.5161266,13.2308483,48,50,52,44,52,4399.998,4399.998,4399.998,4399.998,44.0098839,33.97881,0,6.517515,99.9999542,41.95069,13.3920937,18.5313225,41,1567,950.0095,3505.50024,1900.019,5,6,0,41,31.7680359,10.416667,12.916667,727,962,58,58,0,13608,9,30.0678959
03/17/2015 15:39:20,25,12.5,12.5,9.375,14.84375,48,46,52,47,52,4400.003,4400.003,4400.003,4400.003,44.78088,34.7903366,0,6.51430273,100.000069,41.9505348,13.3920441,18.5313721,41,1570,950.0095,3505.50024,1900.019,5,6,0,41,31.7680359,12.109375,14.84375,727,962,60,60,0,13608,9,30.0678959
03/17/2015 15:39:21,14.0625,6.25,7.8125,15.625,10.9375,52,45,44,44,52,4399.99365,4399.99365,4399.99365,4399.99365,39.73523,29.6983185,0,6.37667942,99.999855,41.94724,13.3909912,18.5324249,41,1569,950.0095,3505.50024,1900.019,5,6,0,41,31.7680359,9.090909,10.606061,726,959,62,62,0,13608,9,30.0678959
03/17/2015 15:39:21,9.375,9.375,3.125,21.875,10.9375,46,44,48,52,52,4399.99365,4399.99365,4399.99365,4399.99365,39.37184,29.4475441,0,6.302453,99.999855,41.9471664,13.3909683,18.5324478,41,1568,950.0095,3505.50024,1900.019,4,6,0,41,31.7680359,9.765625,11.328125,726,960,64,64,0,13608,9,30.0678959
03/17/2015 15:39:22,14.0625,18.75,1.5625,20.3125,13.671875,46,49,46,52,52,4399.99658,4399.99658,4399.99658,4399.99658,43.3394051,33.40685,0,6.456431,99.99992,41.9494247,13.3916893,18.5317268,41,1567,950.0095,3505.50024,1900.019,5,6,0,41,31.7687988,12.109375,13.671875,726,960,62,62,0,13608,9,29.6084042
03/17/2015 15:39:23,27.2727242,7.623106,10.6060619,22.7272758,17.0572872,55,47,46,46,55,4399.996,4399.996,4399.996,4399.996,42.28485,32.1774178,0,6.44251728,99.9999161,41.9416122,13.3891945,18.5342216,41,1568,950.0095,3505.50024,1900.019,6,7,0,41,31.7687988,9.765625,16.796875,725,959,66,66,0,13608,9,30.0678959
03/17/2015 15:39:23,20.9677467,19.2540283,17.7419357,17.7419357,18.9264126,47,58,55,53,58,4399.996,4399.996,4399.996,4399.996,44.30312,34.3451843,0,6.416704,99.9999161,41.94045,13.3888245,18.5345917,41,1569,950.0095,3505.50024,1900.019,5,6,0,41,31.7687988,11.3970585,19.1176472,724,958,60,60,0,13608,9,30.0678959
03/17/2015 15:39:24,21.875,10.9375,7.8125,26.5625,16.796875,50,46,44,47,50,4399.998,4399.998,4399.998,4399.998,43.7264557,33.8803,0,6.50059271,99.9999542,41.9367,13.3876266,18.53579,41,1569,950.0095,3505.50024,1900.019,5,6,0,41,31.7687988,11.71875,16.796875,723,957,60,60,0,13608,9,29.52756
03/17/2015 15:39:25,15.625,12.5,21.875,29.6875,19.921875,46,45,50,52,52,4399.99854,4399.99854,4399.99854,4399.99854,46.4939728,36.5638962,0,6.51893854,99.99996,41.93574,13.3873215,18.5360947,40,1569,950.0095,3505.50024,1900.019,5,6,0,41,31.7687988,12.890625,19.921875,723,957,62,62,0,13608,9,30.0678959
03/17/2015 15:39:26,17.1875,12.5,10.9375,20.3125,15.234375,46,55,47,45,55,4400,4400,4400,4400,45.3902931,35.4650269,0,6.43452072,100,41.93284,13.3863945,18.5370216,41,1566,950.0095,3505.50024,1900.019,5,6,0,41,31.7687988,12.5,15.234375,722,956,62,62,0,13608,9,30.0678959
